id,rule_key,active,weight_code,height_code,front_shape_code,side_shape_code,primary_mattress,special_mattress,topper_result,source_front_shape_codes,source_side_shape_codes,source_row_no
1,W1_H1_A_X,t,W1,H1,A,X,Figured Two,"Age+ 9"" Mattress",7-Zone Comforter,AC,X,2
2,W1_H1_C_X,t,W1,H1,C,X,Figured Two,"Age+ 9"" Mattress",7-Zone Comforter,AC,X,2
3,W1_H1_A_Y,t,W1,H1,A,Y,Figured Two,"Age+ 9"" Mattress",7-Zone Comforter,AC,Y,3
4,W1_H1_C_Y,t,W1,H1,C,Y,Figured Two,"Age+ 9"" Mattress",7-Zone Comforter,AC,Y,3
5,W1_H1_B_X,t,W1,H1,B,X,Figured One,"Age+ 9"" Mattress",7-Zone Comforter,B,XY,4
6,W1_H1_B_Y,t,W1,H1,B,Y,Figured One,"Age+ 9"" Mattress",7-Zone Comforter,B,XY,4
7,W1_H1_D_X,t,W1,H1,D,X,Figured Two,"Age+ 9"" Mattress",Back Topper,D,X,5
8,W1_H1_D_Y,t,W1,H1,D,Y,Figured Two,"Age+ 9"" Mattress",7-Zone Comforter,D,Y,6
9,W1_H2_B_X,t,W1,H2,B,X,Figured One,"Age+ 9"" Mattress",7-Zone Comforter,BC,X,7
10,W1_H2_C_X,t,W1,H2,C,X,Figured One,"Age+ 9"" Mattress",7-Zone Comforter,BC,X,7
11,W1_H2_B_Y,t,W1,H2,B,Y,Figured One,"Age+ 9"" Mattress",7-Zone Comforter,BC,Y,8
12,W1_H2_C_Y,t,W1,H2,C,Y,Figured One,"Age+ 9"" Mattress",7-Zone Comforter,BC,Y,8
13,W1_H2_A_X,t,W1,H2,A,X,Figured Two,"Age+ 9"" Mattress",7-Zone Comforter,A,XY,9
14,W1_H2_A_Y,t,W1,H2,A,Y,Figured Two,"Age+ 9"" Mattress",7-Zone Comforter,A,XY,9
15,W1_H2_D_X,t,W1,H2,D,X,Figured One,"Age+ 9"" Mattress",Back Topper,D,X,10
16,W1_H2_D_Y,t,W1,H2,D,Y,Figured One,"Age+ 9"" Mattress",7-Zone Comforter,D,Y,11
17,W1_H3_A_X,t,W1,H3,A,X,Figured One,"Age+ 9"" Mattress",7-Zone Comforter,ABC,X,12
18,W1_H3_B_X,t,W1,H3,B,X,Figured One,"Age+ 9"" Mattress",7-Zone Comforter,ABC,X,12
19,W1_H3_C_X,t,W1,H3,C,X,Figured One,"Age+ 9"" Mattress",7-Zone Comforter,ABC,X,12
20,W1_H3_A_Y,t,W1,H3,A,Y,Figured One,"Age+ 9"" Mattress",7-Zone Comforter,ABC,Y,13
21,W1_H3_B_Y,t,W1,H3,B,Y,Figured One,"Age+ 9"" Mattress",7-Zone Comforter,ABC,Y,13
22,W1_H3_C_Y,t,W1,H3,C,Y,Figured One,"Age+ 9"" Mattress",7-Zone Comforter,ABC,Y,13
23,W1_H3_D_X,t,W1,H3,D,X,Figured One,"Age+ 9"" Mattress",Back Topper,D,X,14
24,W1_H3_D_Y,t,W1,H3,D,Y,Figured One,"Age+ 9"" Mattress",7-Zone Comforter,D,Y,15
25,W1_H4_A_X,t,W1,H4,A,X,Figured One,"Age+ 9"" Mattress",Back Topper,ABC,X,16
26,W1_H4_B_X,t,W1,H4,B,X,Figured One,"Age+ 9"" Mattress",Back Topper,ABC,X,16
27,W1_H4_C_X,t,W1,H4,C,X,Figured One,"Age+ 9"" Mattress",Back Topper,ABC,X,16
28,W1_H4_A_Y,t,W1,H4,A,Y,Figured One,"Age+ 9"" Mattress",7-Zone Comforter,ABC,Y,17
29,W1_H4_B_Y,t,W1,H4,B,Y,Figured One,"Age+ 9"" Mattress",7-Zone Comforter,ABC,Y,17
30,W1_H4_C_Y,t,W1,H4,C,Y,Figured One,"Age+ 9"" Mattress",7-Zone Comforter,ABC,Y,17
31,W1_H4_D_X,t,W1,H4,D,X,Figured One,"Age+ 9"" Mattress",Back Topper,D,X,18
32,W1_H4_D_Y,t,W1,H4,D,Y,Figured One,"Age+ 9"" Mattress",7-Zone Comforter,D,Y,19
33,W1_H5_A_X,t,W1,H5,A,X,Figured One,"Age+ 9"" Mattress",Back Topper,ABC,X,20
34,W1_H5_B_X,t,W1,H5,B,X,Figured One,"Age+ 9"" Mattress",Back Topper,ABC,X,20
35,W1_H5_C_X,t,W1,H5,C,X,Figured One,"Age+ 9"" Mattress",Back Topper,ABC,X,20
36,W1_H5_A_Y,t,W1,H5,A,Y,Figured One,"Age+ 9"" Mattress",Back Topper,ABC,Y,21
37,W1_H5_B_Y,t,W1,H5,B,Y,Figured One,"Age+ 9"" Mattress",Back Topper,ABC,Y,21
38,W1_H5_C_Y,t,W1,H5,C,Y,Figured One,"Age+ 9"" Mattress",Back Topper,ABC,Y,21
39,W1_H5_D_X,t,W1,H5,D,X,Figured One,"Age+ 9"" Mattress",Back Topper,D,X,22
40,W1_H5_D_Y,t,W1,H5,D,Y,Figured One,"Age+ 9"" Mattress",Back Topper,D,Y,23
41,W2_H1_A_X,t,W2,H1,A,X,Figured Three,"Age+ 9"" Mattress",7-Zone Comforter,AC,X,24
42,W2_H1_C_X,t,W2,H1,C,X,Figured Three,"Age+ 9"" Mattress",7-Zone Comforter,AC,X,24
43,W2_H1_A_Y,t,W2,H1,A,Y,Figured Three,"Age+ 9"" Mattress",7-Zone Comforter,AC,Y,25
44,W2_H1_C_Y,t,W2,H1,C,Y,Figured Three,"Age+ 9"" Mattress",7-Zone Comforter,AC,Y,25
45,W2_H1_B_X,t,W2,H1,B,X,Figured Two,"Age+ 9"" Mattress",7-Zone Comforter,B,XY,26
46,W2_H1_B_Y,t,W2,H1,B,Y,Figured Two,"Age+ 9"" Mattress",7-Zone Comforter,B,XY,26
47,W2_H1_D_X,t,W2,H1,D,X,Figured Three,"Age+ 9"" Mattress",Back Topper,D,X,27
48,W2_H1_D_Y,t,W2,H1,D,Y,Figured Three,"Age+ 9"" Mattress",7-Zone Comforter,D,Y,28
49,W2_H2_B_X,t,W2,H2,B,X,Figured Two,"Age+ 9"" Mattress",7-Zone Comforter,BC,X,29
50,W2_H2_C_X,t,W2,H2,C,X,Figured Two,"Age+ 9"" Mattress",7-Zone Comforter,BC,X,29
51,W2_H2_B_Y,t,W2,H2,B,Y,Figured Two,"Age+ 9"" Mattress",7-Zone Comforter,BC,Y,30
52,W2_H2_C_Y,t,W2,H2,C,Y,Figured Two,"Age+ 9"" Mattress",7-Zone Comforter,BC,Y,30
53,W2_H2_A_X,t,W2,H2,A,X,Figured Three,"Age+ 9"" Mattress",7-Zone Comforter,A,XY,31
54,W2_H2_A_Y,t,W2,H2,A,Y,Figured Three,"Age+ 9"" Mattress",7-Zone Comforter,A,XY,31
55,W2_H2_D_X,t,W2,H2,D,X,Figured Two,"Age+ 9"" Mattress",Back Topper,D,X,32
56,W2_H2_D_Y,t,W2,H2,D,Y,Figured Two,"Age+ 9"" Mattress",7-Zone Comforter,D,Y,33
57,W2_H3_A_X,t,W2,H3,A,X,Figured Two,"Age+ 9"" Mattress",7-Zone Comforter,ABC,X,34
58,W2_H3_B_X,t,W2,H3,B,X,Figured Two,"Age+ 9"" Mattress",7-Zone Comforter,ABC,X,34
59,W2_H3_C_X,t,W2,H3,C,X,Figured Two,"Age+ 9"" Mattress",7-Zone Comforter,ABC,X,34
60,W2_H3_A_Y,t,W2,H3,A,Y,Figured Two,"Age+ 9"" Mattress",7-Zone Comforter,ABC,Y,35
61,W2_H3_B_Y,t,W2,H3,B,Y,Figured Two,"Age+ 9"" Mattress",7-Zone Comforter,ABC,Y,35
62,W2_H3_C_Y,t,W2,H3,C,Y,Figured Two,"Age+ 9"" Mattress",7-Zone Comforter,ABC,Y,35
63,W2_H3_D_X,t,W2,H3,D,X,Figured Two,"Age+ 9"" Mattress",Back Topper,D,X,36
64,W2_H3_D_Y,t,W2,H3,D,Y,Figured Two,"Age+ 9"" Mattress",7-Zone Comforter,D,Y,37
65,W2_H4_B_X,t,W2,H4,B,X,Figured Two,"Age+ 9"" Mattress",7-Zone Comforter,BC,X,38
66,W2_H4_C_X,t,W2,H4,C,X,Figured Two,"Age+ 9"" Mattress",7-Zone Comforter,BC,X,38
67,W2_H4_B_Y,t,W2,H4,B,Y,Figured Two,"Age+ 9"" Mattress",7-Zone Comforter,BC,Y,39
68,W2_H4_C_Y,t,W2,H4,C,Y,Figured Two,"Age+ 9"" Mattress",7-Zone Comforter,BC,Y,39
69,W2_H4_A_X,t,W2,H4,A,X,Figured Two,"Age+ 9"" Mattress",7-Zone Comforter,A,XY,40
70,W2_H4_A_Y,t,W2,H4,A,Y,Figured Two,"Age+ 9"" Mattress",7-Zone Comforter,A,XY,40
71,W2_H4_D_X,t,W2,H4,D,X,Figured Two,"Age+ 9"" Mattress",Back Topper,D,X,41
72,W2_H4_D_Y,t,W2,H4,D,Y,Figured Two,"Age+ 9"" Mattress",7-Zone Comforter,D,Y,42
73,W2_H5_A_X,t,W2,H5,A,X,Figured Two,"Age+ 9"" Mattress",Back Topper,ABC,X,43
74,W2_H5_B_X,t,W2,H5,B,X,Figured Two,"Age+ 9"" Mattress",Back Topper,ABC,X,43
75,W2_H5_C_X,t,W2,H5,C,X,Figured Two,"Age+ 9"" Mattress",Back Topper,ABC,X,43
76,W2_H5_A_Y,t,W2,H5,A,Y,Figured Two,"Age+ 9"" Mattress",Back Topper,ABC,Y,44
77,W2_H5_B_Y,t,W2,H5,B,Y,Figured Two,"Age+ 9"" Mattress",Back Topper,ABC,Y,44
78,W2_H5_C_Y,t,W2,H5,C,Y,Figured Two,"Age+ 9"" Mattress",Back Topper,ABC,Y,44
79,W2_H5_D_X,t,W2,H5,D,X,Figured Two,"Age+ 9"" Mattress",Back Topper,D,X,45
80,W2_H5_D_Y,t,W2,H5,D,Y,Figured Two,"Age+ 9"" Mattress",Back Topper,D,Y,46
81,W3_H1_A_X,t,W3,H1,A,X,Figured Four,"Age+ 9"" Mattress",Back Topper,ABC,X,47
82,W3_H1_B_X,t,W3,H1,B,X,Figured Four,"Age+ 9"" Mattress",Back Topper,ABC,X,47
83,W3_H1_C_X,t,W3,H1,C,X,Figured Four,"Age+ 9"" Mattress",Back Topper,ABC,X,47
84,W3_H1_A_Y,t,W3,H1,A,Y,Figured Four,"Age+ 9"" Mattress",7-Zone Comforter,ABC,Y,48
85,W3_H1_B_Y,t,W3,H1,B,Y,Figured Four,"Age+ 9"" Mattress",7-Zone Comforter,ABC,Y,48
86,W3_H1_C_Y,t,W3,H1,C,Y,Figured Four,"Age+ 9"" Mattress",7-Zone Comforter,ABC,Y,48
87,W3_H1_D_X,t,W3,H1,D,X,Figured Four,"Age+ 9"" Mattress",Back Topper,D,X,49
88,W3_H1_D_Y,t,W3,H1,D,Y,Figured Four,"Age+ 9"" Mattress",7-Zone Comforter,D,Y,50
89,W3_H2_A_X,t,W3,H2,A,X,Figured Three,"Age+ 9"" Mattress",7-Zone Comforter,ABC,X,51
90,W3_H2_B_X,t,W3,H2,B,X,Figured Three,"Age+ 9"" Mattress",7-Zone Comforter,ABC,X,51
91,W3_H2_C_X,t,W3,H2,C,X,Figured Three,"Age+ 9"" Mattress",7-Zone Comforter,ABC,X,51
92,W3_H2_A_Y,t,W3,H2,A,Y,Figured Three,"Age+ 9"" Mattress",7-Zone Comforter,ABC,Y,52
93,W3_H2_B_Y,t,W3,H2,B,Y,Figured Three,"Age+ 9"" Mattress",7-Zone Comforter,ABC,Y,52
94,W3_H2_C_Y,t,W3,H2,C,Y,Figured Three,"Age+ 9"" Mattress",7-Zone Comforter,ABC,Y,52
95,W3_H2_D_X,t,W3,H2,D,X,Figured Three,"Age+ 9"" Mattress",Back Topper,D,X,53
96,W3_H2_D_Y,t,W3,H2,D,Y,Figured Three,"Age+ 9"" Mattress",7-Zone Comforter,D,Y,54
97,W3_H3_A_X,t,W3,H3,A,X,Figured Three,"Age+ 9"" Mattress",7-Zone Comforter,ABC,X,55
98,W3_H3_B_X,t,W3,H3,B,X,Figured Three,"Age+ 9"" Mattress",7-Zone Comforter,ABC,X,55
99,W3_H3_C_X,t,W3,H3,C,X,Figured Three,"Age+ 9"" Mattress",7-Zone Comforter,ABC,X,55
100,W3_H3_A_Y,t,W3,H3,A,Y,Figured Three,"Age+ 9"" Mattress",7-Zone Comforter,ABC,Y,56
101,W3_H3_B_Y,t,W3,H3,B,Y,Figured Three,"Age+ 9"" Mattress",7-Zone Comforter,ABC,Y,56
102,W3_H3_C_Y,t,W3,H3,C,Y,Figured Three,"Age+ 9"" Mattress",7-Zone Comforter,ABC,Y,56
103,W3_H3_D_X,t,W3,H3,D,X,Figured Three,"Age+ 9"" Mattress",Back Topper,D,X,57
104,W3_H3_D_Y,t,W3,H3,D,Y,Figured Three,"Age+ 9"" Mattress",7-Zone Comforter,D,Y,58
105,W3_H4_A_X,t,W3,H4,A,X,Figured Three,"Age+ 9"" Mattress",7-Zone Comforter,ABC,X,59
106,W3_H4_B_X,t,W3,H4,B,X,Figured Three,"Age+ 9"" Mattress",7-Zone Comforter,ABC,X,59
107,W3_H4_C_X,t,W3,H4,C,X,Figured Three,"Age+ 9"" Mattress",7-Zone Comforter,ABC,X,59
108,W3_H4_A_Y,t,W3,H4,A,Y,Figured Three,"Age+ 9"" Mattress",7-Zone Comforter,ABC,Y,60
109,W3_H4_B_Y,t,W3,H4,B,Y,Figured Three,"Age+ 9"" Mattress",7-Zone Comforter,ABC,Y,60
110,W3_H4_C_Y,t,W3,H4,C,Y,Figured Three,"Age+ 9"" Mattress",7-Zone Comforter,ABC,Y,60
111,W3_H4_D_X,t,W3,H4,D,X,Figured Three,"Age+ 9"" Mattress",Back Topper,D,X,61
112,W3_H4_D_Y,t,W3,H4,D,Y,Figured Three,"Age+ 9"" Mattress",7-Zone Comforter,D,Y,62
113,W3_H5_A_X,t,W3,H5,A,X,Figured Three,"Age+ 9"" Mattress",Back Topper,ABC,X,63
114,W3_H5_B_X,t,W3,H5,B,X,Figured Three,"Age+ 9"" Mattress",Back Topper,ABC,X,63
115,W3_H5_C_X,t,W3,H5,C,X,Figured Three,"Age+ 9"" Mattress",Back Topper,ABC,X,63
116,W3_H5_A_Y,t,W3,H5,A,Y,Figured Three,"Age+ 9"" Mattress",7-Zone Comforter,ABC,Y,64
117,W3_H5_B_Y,t,W3,H5,B,Y,Figured Three,"Age+ 9"" Mattress",7-Zone Comforter,ABC,Y,64
118,W3_H5_C_Y,t,W3,H5,C,Y,Figured Three,"Age+ 9"" Mattress",7-Zone Comforter,ABC,Y,64
119,W3_H5_D_X,t,W3,H5,D,X,Figured Three,"Age+ 9"" Mattress",Back Topper,D,X,65
120,W3_H5_D_Y,t,W3,H5,D,Y,Figured Three,"Age+ 9"" Mattress",7-Zone Comforter,D,Y,66
121,W4_H1_A_X,t,W4,H1,A,X,Figured Five,"Age+ 8"" Mattress",7-Zone Comforter,AC,X,67
122,W4_H1_C_X,t,W4,H1,C,X,Figured Five,"Age+ 8"" Mattress",7-Zone Comforter,AC,X,67
123,W4_H1_A_Y,t,W4,H1,A,Y,Figured Five,"Age+ 8"" Mattress",7-Zone Comforter,AC,Y,68
124,W4_H1_C_Y,t,W4,H1,C,Y,Figured Five,"Age+ 8"" Mattress",7-Zone Comforter,AC,Y,68
125,W4_H1_B_X,t,W4,H1,B,X,Figured Four,"Age+ 8"" Mattress",7-Zone Comforter,B,XY,69
126,W4_H1_B_Y,t,W4,H1,B,Y,Figured Four,"Age+ 8"" Mattress",7-Zone Comforter,B,XY,69
127,W4_H1_D_X,t,W4,H1,D,X,Figured Five,"Age+ 8"" Mattress",Age+ Topper,D,X,70
128,W4_H1_D_Y,t,W4,H1,D,Y,Figured Five,"Age+ 8"" Mattress",7-Zone Comforter,D,Y,71
129,W4_H2_A_X,t,W4,H2,A,X,Figured Five,"Age+ 8"" Mattress",7-Zone Comforter,ABC,X,72
130,W4_H2_B_X,t,W4,H2,B,X,Figured Five,"Age+ 8"" Mattress",7-Zone Comforter,ABC,X,72
131,W4_H2_C_X,t,W4,H2,C,X,Figured Five,"Age+ 8"" Mattress",7-Zone Comforter,ABC,X,72
132,W4_H2_A_Y,t,W4,H2,A,Y,Figured Five,"Age+ 8"" Mattress",7-Zone Comforter,ABC,Y,73
133,W4_H2_B_Y,t,W4,H2,B,Y,Figured Five,"Age+ 8"" Mattress",7-Zone Comforter,ABC,Y,73
134,W4_H2_C_Y,t,W4,H2,C,Y,Figured Five,"Age+ 8"" Mattress",7-Zone Comforter,ABC,Y,73
135,W4_H2_D_X,t,W4,H2,D,X,Figured Five,"Age+ 8"" Mattress",Age+ Topper,D,X,74
136,W4_H2_D_Y,t,W4,H2,D,Y,Figured Five,"Age+ 8"" Mattress",7-Zone Comforter,D,Y,75
137,W4_H3_A_X,t,W4,H3,A,X,Figured Four,"Age+ 8"" Mattress",7-Zone Comforter,ABC,X,76
138,W4_H3_B_X,t,W4,H3,B,X,Figured Four,"Age+ 8"" Mattress",7-Zone Comforter,ABC,X,76
139,W4_H3_C_X,t,W4,H3,C,X,Figured Four,"Age+ 8"" Mattress",7-Zone Comforter,ABC,X,76
140,W4_H3_A_Y,t,W4,H3,A,Y,Figured Four,"Age+ 8"" Mattress",7-Zone Comforter,ABC,Y,77
141,W4_H3_B_Y,t,W4,H3,B,Y,Figured Four,"Age+ 8"" Mattress",7-Zone Comforter,ABC,Y,77
142,W4_H3_C_Y,t,W4,H3,C,Y,Figured Four,"Age+ 8"" Mattress",7-Zone Comforter,ABC,Y,77
143,W4_H3_D_X,t,W4,H3,D,X,Figured Four,"Age+ 8"" Mattress",Age+ Topper,D,X,78
144,W4_H3_D_Y,t,W4,H3,D,Y,Figured Four,"Age+ 8"" Mattress",7-Zone Comforter,D,Y,79
145,W4_H4_A_X,t,W4,H4,A,X,Figured Four,"Age+ 8"" Mattress",7-Zone Comforter,ABC,X,80
146,W4_H4_B_X,t,W4,H4,B,X,Figured Four,"Age+ 8"" Mattress",7-Zone Comforter,ABC,X,80
147,W4_H4_C_X,t,W4,H4,C,X,Figured Four,"Age+ 8"" Mattress",7-Zone Comforter,ABC,X,80
148,W4_H4_A_Y,t,W4,H4,A,Y,Figured Four,"Age+ 8"" Mattress",7-Zone Comforter,ABC,Y,81
149,W4_H4_B_Y,t,W4,H4,B,Y,Figured Four,"Age+ 8"" Mattress",7-Zone Comforter,ABC,Y,81
150,W4_H4_C_Y,t,W4,H4,C,Y,Figured Four,"Age+ 8"" Mattress",7-Zone Comforter,ABC,Y,81
151,W4_H4_D_X,t,W4,H4,D,X,Figured Four,"Age+ 8"" Mattress",Age+ Topper,D,X,82
152,W4_H4_D_Y,t,W4,H4,D,Y,Figured Four,"Age+ 8"" Mattress",7-Zone Comforter,D,Y,83
153,W4_H5_A_X,t,W4,H5,A,X,Figured Four,"Age+ 8"" Mattress",7-Zone Comforter,ABC,X,84
154,W4_H5_B_X,t,W4,H5,B,X,Figured Four,"Age+ 8"" Mattress",7-Zone Comforter,ABC,X,84
155,W4_H5_C_X,t,W4,H5,C,X,Figured Four,"Age+ 8"" Mattress",7-Zone Comforter,ABC,X,84
156,W4_H5_A_Y,t,W4,H5,A,Y,Figured Four,"Age+ 8"" Mattress",7-Zone Comforter,ABC,Y,85
157,W4_H5_B_Y,t,W4,H5,B,Y,Figured Four,"Age+ 8"" Mattress",7-Zone Comforter,ABC,Y,85
158,W4_H5_C_Y,t,W4,H5,C,Y,Figured Four,"Age+ 8"" Mattress",7-Zone Comforter,ABC,Y,85
159,W4_H5_D_X,t,W4,H5,D,X,Figured Four,"Age+ 8"" Mattress",Age+ Topper,D,X,86
160,W4_H5_D_Y,t,W4,H5,D,Y,Figured Four,"Age+ 8"" Mattress",7-Zone Comforter,D,Y,87
161,W5_H1_A_X,t,W5,H1,A,X,Figured Five,"Age+ 8"" Mattress",7-Zone Comforter,ABC,X,88
162,W5_H1_B_X,t,W5,H1,B,X,Figured Five,"Age+ 8"" Mattress",7-Zone Comforter,ABC,X,88
163,W5_H1_C_X,t,W5,H1,C,X,Figured Five,"Age+ 8"" Mattress",7-Zone Comforter,ABC,X,88
164,W5_H1_A_Y,t,W5,H1,A,Y,Figured Five,"Age+ 8"" Mattress",7-Zone Comforter,ABC,Y,89
165,W5_H1_B_Y,t,W5,H1,B,Y,Figured Five,"Age+ 8"" Mattress",7-Zone Comforter,ABC,Y,89
166,W5_H1_C_Y,t,W5,H1,C,Y,Figured Five,"Age+ 8"" Mattress",7-Zone Comforter,ABC,Y,89
167,W5_H1_D_X,t,W5,H1,D,X,Figured Five,"Age+ 8"" Mattress",Age+ Topper,D,X,90
168,W5_H1_D_Y,t,W5,H1,D,Y,Figured Five,"Age+ 8"" Mattress",7-Zone Comforter,D,Y,91
169,W5_H2_A_X,t,W5,H2,A,X,Figured Five,"Age+ 8"" Mattress",7-Zone Comforter,AC,X,92
170,W5_H2_C_X,t,W5,H2,C,X,Figured Five,"Age+ 8"" Mattress",7-Zone Comforter,AC,X,92
171,W5_H2_A_Y,t,W5,H2,A,Y,Figured Five,"Age+ 8"" Mattress",7-Zone Comforter,AC,Y,93
172,W5_H2_C_Y,t,W5,H2,C,Y,Figured Five,"Age+ 8"" Mattress",7-Zone Comforter,AC,Y,93
173,W5_H2_B_X,t,W5,H2,B,X,Figured Four,"Age+ 8"" Mattress",7-Zone Comforter,B,XY,94
174,W5_H2_B_Y,t,W5,H2,B,Y,Figured Four,"Age+ 8"" Mattress",7-Zone Comforter,B,XY,94
175,W5_H2_D_X,t,W5,H2,D,X,Figured Five,"Age+ 8"" Mattress",Age+ Topper,D,X,95
176,W5_H2_D_Y,t,W5,H2,D,Y,Figured Five,"Age+ 8"" Mattress",7-Zone Comforter,D,Y,96
177,W5_H3_A_X,t,W5,H3,A,X,Figured Four,"Age+ 8"" Mattress",7-Zone Comforter,ABC,X,97
178,W5_H3_B_X,t,W5,H3,B,X,Figured Four,"Age+ 8"" Mattress",7-Zone Comforter,ABC,X,97
179,W5_H3_C_X,t,W5,H3,C,X,Figured Four,"Age+ 8"" Mattress",7-Zone Comforter,ABC,X,97
180,W5_H3_A_Y,t,W5,H3,A,Y,Figured Four,"Age+ 8"" Mattress",7-Zone Comforter,ABC,Y,98
181,W5_H3_B_Y,t,W5,H3,B,Y,Figured Four,"Age+ 8"" Mattress",7-Zone Comforter,ABC,Y,98
182,W5_H3_C_Y,t,W5,H3,C,Y,Figured Four,"Age+ 8"" Mattress",7-Zone Comforter,ABC,Y,98
183,W5_H3_D_X,t,W5,H3,D,X,Figured Four,"Age+ 8"" Mattress",Age+ Topper,D,X,99
184,W5_H3_D_Y,t,W5,H3,D,Y,Figured Four,"Age+ 8"" Mattress",7-Zone Comforter,D,Y,100
185,W5_H4_A_X,t,W5,H4,A,X,Figured Four,"Age+ 8"" Mattress",7-Zone Comforter,ABC,X,101
186,W5_H4_B_X,t,W5,H4,B,X,Figured Four,"Age+ 8"" Mattress",7-Zone Comforter,ABC,X,101
187,W5_H4_C_X,t,W5,H4,C,X,Figured Four,"Age+ 8"" Mattress",7-Zone Comforter,ABC,X,101
188,W5_H4_A_Y,t,W5,H4,A,Y,Figured Four,"Age+ 8"" Mattress",7-Zone Comforter,ABC,Y,102
189,W5_H4_B_Y,t,W5,H4,B,Y,Figured Four,"Age+ 8"" Mattress",7-Zone Comforter,ABC,Y,102
190,W5_H4_C_Y,t,W5,H4,C,Y,Figured Four,"Age+ 8"" Mattress",7-Zone Comforter,ABC,Y,102
191,W5_H4_D_X,t,W5,H4,D,X,Figured Four,"Age+ 8"" Mattress",Age+ Topper,D,X,103
192,W5_H4_D_Y,t,W5,H4,D,Y,Figured Four,"Age+ 8"" Mattress",7-Zone Comforter,D,Y,104
193,W5_H5_A_X,t,W5,H5,A,X,Figured Four,"Age+ 8"" Mattress",7-Zone Comforter,ABC,X,105
194,W5_H5_B_X,t,W5,H5,B,X,Figured Four,"Age+ 8"" Mattress",7-Zone Comforter,ABC,X,105
195,W5_H5_C_X,t,W5,H5,C,X,Figured Four,"Age+ 8"" Mattress",7-Zone Comforter,ABC,X,105
196,W5_H5_A_Y,t,W5,H5,A,Y,Figured Four,"Age+ 8"" Mattress",7-Zone Comforter,ABC,Y,106
197,W5_H5_B_Y,t,W5,H5,B,Y,Figured Four,"Age+ 8"" Mattress",7-Zone Comforter,ABC,Y,106
198,W5_H5_C_Y,t,W5,H5,C,Y,Figured Four,"Age+ 8"" Mattress",7-Zone Comforter,ABC,Y,106
199,W5_H5_D_X,t,W5,H5,D,X,Figured Four,"Age+ 8"" Mattress",Age+ Topper,D,X,107
200,W5_H5_D_Y,t,W5,H5,D,Y,Figured Four,"Age+ 8"" Mattress",7-Zone Comforter,D,Y,108