id,rule_key,weight_code,height_code,sleep_position_code,head_pillow,special_pillow,positioning_pillow,special_positioning_pillow,active,source_row
1,W1_H1_P2,W1,H1,P2,BodyScale No.1,Orthocurve,Body Pillow 20x50,Jay,t,3
2,W1_H1_P1,W1,H1,P1,BodyScale No.1,Orthocurve,Leg Pillow,,t,4
3,W1_H1_P3,W1,H1,P3,BodyScale No.1,Orthocurve,Body Pillow 20x50,,t,5
4,W1_H2_P2,W1,H2,P2,BodyScale No.2,Orthocurve,Body Pillow 20x50,Jay,t,6
5,W1_H2_P1,W1,H2,P1,BodyScale No.1,Orthocurve,Leg Pillow,,t,7
6,W1_H2_P3,W1,H2,P3,BodyScale No.1,Orthocurve,Body Pillow 20x50,,t,8
7,W1_H3_P2,W1,H3,P2,BodyScale No.3,Orthocurve,Body Pillow 20x60,Nine,t,9
8,W1_H3_P1,W1,H3,P1,BodyScale No.2,Orthocurve,Leg Pillow,,t,10
9,W1_H3_P3,W1,H3,P3,BodyScale No.2,Orthocurve,Body Pillow 20x60,,t,11
10,W1_H4_P2,W1,H4,P2,BodyScale No.3,Orthocurve,Body Pillow 20x60,Nine,t,12
11,W1_H4_P1,W1,H4,P1,BodyScale No.2,Orthocurve,Leg Pillow,,t,13
12,W1_H4_P3,W1,H4,P3,BodyScale No.2,Orthocurve,Body Pillow 20x60,,t,14
13,W1_H5_P2,W1,H5,P2,BodyScale No.3,Orthocurve,Body Pillow 20x60,Nine,t,15
14,W1_H5_P1,W1,H5,P1,BodyScale No.2,Orthocurve,Leg Pillow,,t,16
15,W1_H5_P3,W1,H5,P3,BodyScale No.2,Orthocurve,Body Pillow 20x60,,t,17
16,W2_H1_P2,W2,H1,P2,BodyScale No.2,Orthocurve,Body Pillow 20x50,Jay,t,18
17,W2_H1_P1,W2,H1,P1,BodyScale No.1,Orthocurve,Leg Pillow,,t,19
18,W2_H1_P3,W2,H1,P3,BodyScale No.1,Orthocurve,Body Pillow 20x50,,t,20
19,W2_H2_P2,W2,H2,P2,BodyScale No.3,Orthocurve,Body Pillow 20x50,Jay,t,21
20,W2_H2_P1,W2,H2,P1,BodyScale No.2,Orthocurve,Leg Pillow,,t,22
21,W2_H2_P3,W2,H2,P3,BodyScale No.1,Orthocurve,Body Pillow 20x50,,t,23
22,W2_H3_P2,W2,H3,P2,BodyScale No.3,Orthocurve,Body Pillow 20x60,Nine,t,24
23,W2_H3_P1,W2,H3,P1,BodyScale No.2,Orthocurve,Leg Pillow,,t,25
24,W2_H3_P3,W2,H3,P3,BodyScale No.2,Orthocurve,Body Pillow 20x60,,t,26
25,W2_H4_P2,W2,H4,P2,BodyScale No.3,Orthocurve,Body Pillow 20x60,Nine,t,27
26,W2_H4_P1,W2,H4,P1,BodyScale No.2,Orthocurve,Leg Pillow,,t,28
27,W2_H4_P3,W2,H4,P3,BodyScale No.2,Orthocurve,Body Pillow 20x60,,t,29
28,W2_H5_P2,W2,H5,P2,BodyScale No.4,Orthocurve,Body Pillow 20x60,Nine,t,30
29,W2_H5_P1,W2,H5,P1,BodyScale No.3,Orthocurve,Leg Pillow,,t,31
30,W2_H5_P3,W2,H5,P3,BodyScale No.2,Orthocurve,Body Pillow 20x60,,t,32
31,W3_H1_P2,W3,H1,P2,BodyScale No.2,Orthocurve,Body Pillow 20x50,Jay,t,33
32,W3_H1_P1,W3,H1,P1,BodyScale No.2,Orthocurve,Leg Pillow,,t,34
33,W3_H1_P3,W3,H1,P3,BodyScale No.1,Orthocurve,Body Pillow 20x50,,t,35
34,W3_H2_P2,W3,H2,P2,BodyScale No.3,Orthocurve,Body Pillow 20x50,Jay,t,36
35,W3_H2_P1,W3,H2,P1,BodyScale No.2,Orthocurve,Leg Pillow,,t,37
36,W3_H2_P3,W3,H2,P3,BodyScale No.1,Orthocurve,Body Pillow 20x50,,t,38
37,W3_H3_P2,W3,H3,P2,BodyScale No.3,Orthocurve,Body Pillow 20x60,Nine,t,39
38,W3_H3_P1,W3,H3,P1,BodyScale No.2,Orthocurve,Leg Pillow,,t,40
39,W3_H3_P3,W3,H3,P3,BodyScale No.2,Orthocurve,Body Pillow 20x60,,t,41
40,W3_H4_P2,W3,H4,P2,BodyScale No.4,Orthocurve,Body Pillow 20x60,Nine,t,42
41,W3_H4_P1,W3,H4,P1,BodyScale No.3,Orthocurve,Leg Pillow,,t,43
42,W3_H4_P3,W3,H4,P3,BodyScale No.2,Orthocurve,Body Pillow 20x60,,t,44
43,W3_H5_P2,W3,H5,P2,BodyScale No.4,Orthocurve,Body Pillow 20x60,Nine,t,45
44,W3_H5_P1,W3,H5,P1,BodyScale No.3,Orthocurve,Leg Pillow,,t,46
45,W3_H5_P3,W3,H5,P3,BodyScale No.2,Orthocurve,Body Pillow 20x60,,t,47
46,W4_H1_P2,W4,H1,P2,BodyScale No.2,Orthocurve,Body Pillow 20x50,Jay,t,48
47,W4_H1_P1,W4,H1,P1,BodyScale No.2,Orthocurve,Leg Pillow,,t,49
48,W4_H1_P3,W4,H1,P3,BodyScale No.1,Orthocurve,Body Pillow 20x50,,t,50
49,W4_H2_P2,W4,H2,P2,BodyScale No.3,Orthocurve,Body Pillow 20x50,Jay,t,51
50,W4_H2_P1,W4,H2,P1,BodyScale No.2,Orthocurve,Leg Pillow,,t,52
51,W4_H2_P3,W4,H2,P3,BodyScale No.2,Orthocurve,Body Pillow 20x50,,t,53
52,W4_H3_P2,W4,H3,P2,BodyScale No.3,Orthocurve,Body Pillow 20x60,Nine,t,54
53,W4_H3_P1,W4,H3,P1,BodyScale No.3,Orthocurve,Leg Pillow,,t,55
54,W4_H3_P3,W4,H3,P3,BodyScale No.2,Orthocurve,Body Pillow 20x60,,t,56
55,W4_H4_P2,W4,H4,P2,BodyScale No.4,Orthocurve,Body Pillow 20x60,Nine,t,57
56,W4_H4_P1,W4,H4,P1,BodyScale No.3,Orthocurve,Leg Pillow,,t,58
57,W4_H4_P3,W4,H4,P3,BodyScale No.2,Orthocurve,Body Pillow 20x60,,t,59
58,W4_H5_P2,W4,H5,P2,BodyScale No.5,Orthocurve,Body Pillow 20x60,Nine,t,60
59,W4_H5_P1,W4,H5,P1,BodyScale No.4,Orthocurve,Leg Pillow,,t,61
60,W4_H5_P3,W4,H5,P3,BodyScale No.2,Orthocurve,Body Pillow 20x60,,t,62
61,W5_H1_P2,W5,H1,P2,BodyScale No.3,Orthocurve,Body Pillow 20x50,Jay,t,63
62,W5_H1_P1,W5,H1,P1,BodyScale No.2,Orthocurve,Leg Pillow,,t,64
63,W5_H1_P3,W5,H1,P3,BodyScale No.2,Orthocurve,Body Pillow 20x50,,t,65
64,W5_H2_P2,W5,H2,P2,BodyScale No.3,Orthocurve,Body Pillow 20x50,Jay,t,66
65,W5_H2_P1,W5,H2,P1,BodyScale No.2,Orthocurve,Leg Pillow,,t,67
66,W5_H2_P3,W5,H2,P3,BodyScale No.2,Orthocurve,Body Pillow 20x50,,t,68
67,W5_H3_P2,W5,H3,P2,BodyScale No.4,Orthocurve,Body Pillow 20x60,Nine,t,69
68,W5_H3_P1,W5,H3,P1,BodyScale No.3,Orthocurve,Leg Pillow,,t,70
69,W5_H3_P3,W5,H3,P3,BodyScale No.2,Orthocurve,Body Pillow 20x60,,t,71
70,W5_H4_P2,W5,H4,P2,BodyScale No.5,Orthocurve,Body Pillow 20x60,Nine,t,72
71,W5_H4_P1,W5,H4,P1,BodyScale No.4,Orthocurve,Leg Pillow,,t,73
72,W5_H4_P3,W5,H4,P3,BodyScale No.2,Orthocurve,Body Pillow 20x60,,t,74
73,W5_H5_P2,W5,H5,P2,BodyScale No.5,Orthocurve,Body Pillow 20x60,Nine,t,75
74,W5_H5_P1,W5,H5,P1,BodyScale No.4,Orthocurve,Leg Pillow,,t,76
75,W5_H5_P3,W5,H5,P3,BodyScale No.2,Orthocurve,Body Pillow 20x60,,t,77